<?xml version="1.0" encoding="utf-8" ?><dwsync><file name="dawn-redwood1.jpg" server="staff.santarosa.edu//home/WWW_pages/jperetz/" local="3436363104" remote="12026309959" /><file name="dawn-redwood2.jpg" server="staff.santarosa.edu//home/WWW_pages/jperetz/" local="3436363104" remote="12026309963" /><file name="dawn-redwood3.jpg" server="staff.santarosa.edu//home/WWW_pages/jperetz/" local="3436363104" remote="12026309965" /><file name="dawn-redwood4.jpg" server="staff.santarosa.edu//home/WWW_pages/jperetz/" local="3436363104" remote="12026309969" /><file name="dawn-redwood5.jpg" server="staff.santarosa.edu//home/WWW_pages/jperetz/" local="3436363105" remote="12026309970" /><file name="dawn-redwood6.jpg" server="staff.santarosa.edu//home/WWW_pages/jperetz/" local="3436363105" remote="12026309974" /><file name="dawn-redwood7.jpg" server="staff.santarosa.edu//home/WWW_pages/jperetz/" local="3436363105" remote="12026309976" /><file name="dawn-redwood8.jpg" server="staff.santarosa.edu//home/WWW_pages/jperetz/" local="3436363105" remote="12026309978" /><file name="redwood-icon.png" server="staff.santarosa.edu//home/WWW_pages/jperetz/" local="3436363105" remote="12026309979" /></dwsync>